{"metric/precision": 0.0, "metric/recall": 0.0, "metric/mAP": 0.0, "train/loss": 0.11852817237377167, "train/iou_loss": 0.059739600867033005, "train/obj_loss": 0.024805165827274323, "train/class_loss": 0.03398340940475464, "validation/loss": 0.2099044919013977, "validation/iou_loss": 0.09872675687074661, "validation/obj_loss": 0.035849981009960175, "validation/class_loss": 0.07532775402069092, "_timestamp": 1668002732, "_runtime": 480, "_step": 5}