{"metric/precision": 0.3240547024147901, "metric/recall": 0.4098930481283422, "metric/mAP": 0.17557897200941486, "train/loss": 0.11536261439323425, "train/iou_loss": 0.06062363460659981, "train/obj_loss": 0.04974595457315445, "train/class_loss": 0.004993018228560686, "validation/loss": 0.12411952763795853, "validation/iou_loss": 0.06513284146785736, "validation/obj_loss": 0.033958230167627335, "validation/class_loss": 0.025028448551893234, "_timestamp": 1667981006, "_runtime": 773, "_step": 10}