{"metric/precision": 0.0, "metric/recall": 0.0, "metric/mAP": 0.0, "train/loss": 0.594520092010498, "train/iou_loss": 0.05811002478003502, "train/obj_loss": 0.2792394161224365, "train/class_loss": 0.2571706771850586, "validation/loss": 0.471280038356781, "validation/iou_loss": 0.07556268572807312, "validation/obj_loss": 0.29874297976493835, "validation/class_loss": 0.09697434306144714, "_timestamp": 1668038297, "_runtime": 248, "_step": 2}