{"metric/precision": 0.0010324535658900692, "metric/recall": 0.1493612596553773, "metric/mAP": 0.00042229000915420216, "train/loss": 2.997237205505371, "train/iou_loss": 0.10466285049915314, "train/obj_loss": 1.9166324138641357, "train/class_loss": 0.9759420156478882, "validation/loss": 2.9688820838928223, "validation/iou_loss": 0.1026773750782013, "validation/obj_loss": 1.9165533781051636, "validation/class_loss": 0.9496514201164246, "_timestamp": 1668043251, "_runtime": 492, "_step": 5}